CREATE TABLE "accounts" (
	"id" text PRIMARY KEY NOT NULL,
	"account_id" text NOT NULL,
	"provider_id" text NOT NULL,
	"user_id" text NOT NULL,
	"access_token" text,
	"refresh_token" text,
	"id_token" text,
	"access_token_expires_at" timestamp,
	"refresh_token_expires_at" timestamp,
	"scope" text,
	"password" text,
	"created_at" timestamp DEFAULT now() NOT NULL,
	"updated_at" timestamp NOT NULL
);
--> statement-breakpoint
CREATE TABLE "albums" (
	"id" text PRIMARY KEY NOT NULL,
	"title" text NOT NULL,
	"artist_id" text NOT NULL,
	"release_year" integer NOT NULL,
	"cover_art_url" text,
	"created_at" timestamp NOT NULL
);
--> statement-breakpoint
CREATE TABLE "artists" (
	"id" text PRIMARY KEY NOT NULL,
	"name" text NOT NULL,
	"genre" text NOT NULL,
	"bio" text,
	"created_at" timestamp NOT NULL
);
--> statement-breakpoint
CREATE TABLE "favorites" (
	"id" text PRIMARY KEY NOT NULL,
	"user_id" text NOT NULL,
	"album_id" text NOT NULL,
	"created_at" timestamp NOT NULL
);
--> statement-breakpoint
CREATE TABLE "sessions" (
	"id" text PRIMARY KEY NOT NULL,
	"expires_at" timestamp NOT NULL,
	"token" text NOT NULL,
	"created_at" timestamp DEFAULT now() NOT NULL,
	"updated_at" timestamp NOT NULL,
	"ip_address" text,
	"user_agent" text,
	"user_id" text NOT NULL,
	CONSTRAINT "sessions_token_unique" UNIQUE("token")
);
--> statement-breakpoint
CREATE TABLE "users" (
	"id" text PRIMARY KEY NOT NULL,
	"name" text NOT NULL,
	"email" text NOT NULL,
	"email_verified" boolean DEFAULT false NOT NULL,
	"image" text,
	"created_at" timestamp DEFAULT now() NOT NULL,
	"updated_at" timestamp DEFAULT now() NOT NULL,
	CONSTRAINT "users_email_unique" UNIQUE("email")
);
--> statement-breakpoint
CREATE TABLE "verifications" (
	"id" text PRIMARY KEY NOT NULL,
	"identifier" text NOT NULL,
	"value" text NOT NULL,
	"expires_at" timestamp NOT NULL,
	"created_at" timestamp DEFAULT now() NOT NULL,
	"updated_at" timestamp DEFAULT now() NOT NULL
);
--> statement-breakpoint
ALTER TABLE "accounts" ADD CONSTRAINT "accounts_user_id_users_id_fk" FOREIGN KEY ("user_id") REFERENCES "public"."users"("id") ON DELETE cascade ON UPDATE no action;--> statement-breakpoint
ALTER TABLE "albums" ADD CONSTRAINT "albums_artist_id_artists_id_fk" FOREIGN KEY ("artist_id") REFERENCES "public"."artists"("id") ON DELETE no action ON UPDATE no action;--> statement-breakpoint
ALTER TABLE "favorites" ADD CONSTRAINT "favorites_user_id_users_id_fk" FOREIGN KEY ("user_id") REFERENCES "public"."users"("id") ON DELETE no action ON UPDATE no action;--> statement-breakpoint
ALTER TABLE "favorites" ADD CONSTRAINT "favorites_album_id_albums_id_fk" FOREIGN KEY ("album_id") REFERENCES "public"."albums"("id") ON DELETE no action ON UPDATE no action;--> statement-breakpoint
ALTER TABLE "sessions" ADD CONSTRAINT "sessions_user_id_users_id_fk" FOREIGN KEY ("user_id") REFERENCES "public"."users"("id") ON DELETE cascade ON UPDATE no action;--> statement-breakpoint
CREATE INDEX "accounts_userId_idx" ON "accounts" USING btree ("user_id");--> statement-breakpoint
CREATE INDEX "sessions_userId_idx" ON "sessions" USING btree ("user_id");--> statement-breakpoint
CREATE INDEX "verifications_identifier_idx" ON "verifications" USING btree ("identifier");

-- Seed data for Spotify-themed database

-- Insert users
INSERT INTO "users"
  ("id", "name", "email", "email_verified", "created_at", "updated_at")
VALUES
  ('user_1', 'Luna Nightshade', 'luna.nightshade@example.com', false, NOW(), NOW()),
  ('user_2', 'Phoenix Groove', 'phoenix.groove@example.com', false, NOW(), NOW()),
  ('user_3', 'Melody Stargazer', 'melody.stargazer@example.com', false, NOW(), NOW());

-- Insert artists
INSERT INTO "artists" ("id", "name", "genre", "bio", "created_at") VALUES
('artist_1', 'The Beatles', 'Rock', 'Legendary British rock band from Liverpool', NOW()),
('artist_2', 'Miles Davis', 'Jazz', 'Influential American jazz trumpeter and composer', NOW()),
('artist_3', 'Daft Punk', 'Electronic', 'French electronic music duo known for their innovative sound', NOW()),
('artist_4', 'Adele', 'Pop', 'British singer-songwriter with powerful vocals', NOW());

-- Insert albums
INSERT INTO "albums" ("id", "title", "artist_id", "release_year", "cover_art_url", "created_at") VALUES
('album_1', 'Abbey Road', 'artist_1', 1969, 'https://example.com/abbey-road.jpg', NOW()),
('album_2', 'Kind of Blue', 'artist_2', 1959, 'https://example.com/kind-of-blue.jpg', NOW()),
('album_3', 'Random Access Memories', 'artist_3', 2013, 'https://example.com/ram.jpg', NOW()),
('album_4', '21', 'artist_4', 2011, 'https://example.com/21.jpg', NOW()),
('album_5', 'Revolver', 'artist_1', 1966, 'https://example.com/revolver.jpg', NOW());

-- Insert favorites
INSERT INTO "favorites" ("id", "user_id", "album_id", "created_at") VALUES
('fav_1', 'user_1', 'album_1', NOW()),
('fav_2', 'user_1', 'album_4', NOW()),
('fav_3', 'user_2', 'album_2', NOW()),
('fav_4', 'user_2', 'album_3', NOW()),
('fav_5', 'user_3', 'album_3', NOW()),
('fav_6', 'user_3', 'album_5', NOW());